,Forecast,Forecast,Forecast,Low (80%),Low (80%),Low (80%),High (80%),High (80%),High (80%)
,GOOG,AAPL,MSFT,GOOG,AAPL,MSFT,GOOG,AAPL,MSFT
Date,,,,,,,,,
2026-05-01,375.01871571046047,271.0971825330943,406.3559309731781,366.0325466314929,264.382574306353,397.78497282840175,384.2254969602825,277.98232379801686,415.1115650824514
2026-05-04,369.0361269443902,271.322907512886,406.6009720015509,356.59285294518475,261.86810040896313,394.52569886761387,381.91360781717844,281.11908256973163,419.04583378757746
2026-05-05,363.93925539341717,271.5431928345249,406.83252709719017,348.9673515608353,259.99986121031486,392.08474315165313,379.55350557550565,283.5990189822559,422.13503074325916
2026-05-06,360.29699954027575,271.75844217386305,407.0453407918256,343.23705565808785,258.46318409660927,390.0554295437258,378.2048754288299,285.7376037941247,424.7752932298557
2026-05-07,358.7900790913553,271.96933923901867,407.2439788900258,339.8500889296542,257.13683725812245,388.2868117939808,378.78560296927566,287.6574289192862,427.12668394767957
2026-05-08,359.563305126754,272.17624077477086,407.42672885475264,338.824107844154,255.95872342402538,386.69768952242924,381.5719348197669,289.42129829099065,429.2669542202062
2026-05-11,361.49581291389376,272.3794708530652,407.60367679914674,339.0275108377922,254.89210281639583,385.25041770448206,385.4531522570167,291.0665937564838,431.2539317416822
2026-05-12,363.35265355314664,272.5798242278294,407.7804215326205,339.26248424681523,253.91360888012628,383.9194732842528,389.15340473679964,292.61826848812825,433.1243496528889
2026-05-13,364.11215264299733,272.77737374989033,407.95694739604625,338.55985332205637,253.00657797479684,382.6834167797343,391.5929735951367,294.0931268486602,434.899615795199
2026-05-14,363.4444741965682,272.9721313834642,408.13013695089694,336.61157393525286,252.15885434179148,381.52374324562294,392.41635181988056,295.5033433449484,436.591985784541
