,GOOG,AAPL,MSFT
5/1/2026,330.89993,278.14038,431.32974
5/4/2026,330.2903,280.22308,430.55957
5/5/2026,327.60867,283.1263,429.54233
5/6/2026,323.5791,286.25262,428.4647
5/7/2026,318.96182,289.4299,427.41965
5/8/2026,314.07327,292.61777,426.45306
5/11/2026,309.33908,295.81207,425.58575
5/12/2026,304.86053,299.02026,424.8244
5/13/2026,300.6737,302.25336,424.16705
5/14/2026,296.7807,305.52197,423.60648
5/15/2026,293.1663,308.8338,423.13235
5/18/2026,289.80722,312.19196,422.73282
5/19/2026,286.67722,315.5949,422.39545
5/20/2026,283.75015,319.03702,422.1083
